,real,predict
0,16.908062315744445,0.0
1,17.514229962996538,0.0
2,21.965704221940207,0.0
3,32.02891721753129,37.24164812
4,60.24408635713961,84.15780233
5,55.66070641944647,78.25562714
6,75.57237548610911,36.28242241
7,77.49918559585298,59.67407143
8,77.20458398758471,82.2967886
9,80.79082426234675,69.63953088
10,77.61351134443859,81.35835565
11,76.13958660179132,85.01372196
12,74.57946574491835,87.35903148
13,77.07075432740382,50.157038959999994
14,76.0100610725041,34.9370798
15,76.96797901527324,50.37056604
16,75.99918288367343,84.75698361000002
17,74.15061541301505,41.049331589999994
18,63.234728332445,18.22657658
19,49.13055847500552,34.49990816
20,38.18345116710122,9.227884194999998
21,29.29995636049956,24.02777393
22,23.71881034731626,19.13785714
23,19.946553916598567,0.0
24,20.017187934844607,0.0
25,19.681487551359336,0.0
26,22.825454367952283,15.913934430000001
27,32.0740800352047,15.41606557
28,58.029977692864925,42.07658573
29,54.217779276673454,79.64793499
30,73.88031948508755,108.4307226
31,76.32771117075067,110.1382567
32,77.08918438889783,97.36767554
33,81.17788174518711,90.64751620000001
34,79.68704604606712,118.4784939
35,80.0805902819582,89.4095757
36,78.81072325001666,85.49543042
37,79.1438350436237,22.76570296
38,77.63967661885715,6.742105263
39,75.8831459593167,32.42
40,75.08180059960479,19.418
41,72.12463568294403,84.702
42,57.9463832642504,0.0
43,40.750891436645716,0.0
44,31.679843908089847,13.940000000000001
45,25.748908685397595,7.42826087
46,22.12082754388516,60.64607192999999
47,18.447326035284775,30.7156672
48,17.801337538088614,0.0
49,17.72410545306185,0.0
50,20.905349273474837,11.69587302
51,27.15789387100653,15.941408600000003
52,51.04530304946529,66.39682705
53,45.94337137445893,40.55108577
54,77.59723771363572,32.65272978
55,81.45905586194527,54.52377224
56,81.62021195153228,37.17030802
57,83.55390168631513,68.56161254
58,80.61939238764441,42.13424461
59,78.07285727312002,55.98117277
60,76.90195906026719,103.8972004
61,78.29343306831021,69.02967316
62,77.1929200547775,119.9903873
63,78.11352388914993,49.52696323000001
64,77.01066237417626,48.88095506
65,75.62497668009371,90.64338145
66,66.0845300652011,13.71240506
67,50.885155331314834,26.50871698
68,38.390848289707215,38.77486792
69,31.74702065283914,26.445506
70,25.509822071693577,34.79090909
71,20.546314476508677,0.0
72,19.493919551050023,0.0
73,18.58734997714734,0.0
74,22.84302447631643,8.439148936
75,32.907069050949346,21.07085106
76,61.62215033464979,32.88
77,58.514764265408786,30.789642860000004
78,75.39390683757249,50.8797674
79,77.2238696369643,136.8953846
80,76.38526255178743,88.10805674
81,81.03203020216525,117.0115212
82,79.5464153352449,61.15229387
83,79.40205670577845,88.01860536
84,79.03162207328609,102.2309184
85,80.04174833805156,39.16813604
86,78.12639262938782,111.3029296
87,76.01727245611096,99.41147798
88,74.61028436977571,80.6235115
89,72.53738262857271,43.27837645
90,60.36137174137016,14.0673212
91,45.0022377960774,58.93759354
92,33.52363580146864,19.53312986
93,26.59222368656718,3.928
94,22.886024315432223,32.80869565
95,19.25330510183608,1.491304348
96,18.704059149128437,0.0
97,18.107270229285135,0.0
98,22.653103609321835,19.39
99,32.0910433746092,1.79
100,65.67372565329217,16.75657895
101,58.10296021255194,39.28881719
102,74.41422378665338,86.06465692
103,76.85711927067301,73.87994694
104,75.0721272182048,69.31993522
105,80.77243785329587,54.21575708999999
106,78.6259773801564,91.76197003
107,78.7206682598173,120.5230686
108,77.38275579950798,127.5444865
109,78.4195711680097,57.03851456
110,77.62156958544237,69.16103371
111,70.24029940037612,45.7817624
112,69.58103837784302,9.013471933
113,66.7445375445119,11.7
114,50.67969637718429,28.73614286
115,31.532508182001205,11.01385714
116,24.278048344258817,14.07
117,21.302139068513423,0.0
118,19.57159034313035,41.61999999999999
119,17.33120727332926,0.0
120,17.119220096327016,0.0
121,17.34224261095524,0.0
122,21.162501450772652,15.2616129
123,28.069898174080233,12.5683871
124,47.244868966700245,16.27134146
125,45.11241219732033,41.74346929
126,65.2111407133297,67.87029129
127,69.28653280494966,40.71594192
128,65.54729071697932,101.9116833
129,76.49989386747504,45.83242424
130,73.22731822290082,34.86484848
131,71.83912251333767,57.52273326
132,68.90086783504549,116.5121366
133,72.63044963734879,54.90513019
134,71.78662608521661,53.32197322
135,75.47739650032348,45.10897069
136,73.32877086600423,25.41591669
137,68.75363250957606,44.08495758
138,49.438583209539566,10.25818182
139,34.771412514558804,10.47
140,28.27568015629002,1.539673913
141,23.716841622130612,18.47608696
142,20.588788303684623,37.90535024
143,17.456560720363303,3.6988888890000005
144,16.776181737149784,0.0
145,17.104461205301128,0.0
146,19.737657332570688,54.47826087
147,30.27717741362554,42.30621674
148,57.551756447769435,25.26552239
149,52.36509538062689,6.34
150,69.04774521048115,99.05462854
151,71.24449329811875,66.49537146
152,69.66712099571656,55.60262646
153,76.9859201694041,75.23270686999999
154,74.61250191388727,89.04673765
155,74.78030190532029,128.0818179
156,73.30766054450137,57.69170663
157,75.45116138199589,84.40582025
158,73.54474569368739,29.54858423
159,75.18979674393499,26.04994003
160,74.7517095550631,57.29721275
161,73.652497384336,50.36636265
162,62.402800071068675,45.46903919
163,43.314079958228305,15.51744538
164,30.37437830876704,15.52809961
165,25.146762519469842,44.50823067
166,22.290528599216962,34.6250983
167,18.878308789035508,11.028571429999998
168,17.25850303796727,3.975757576
169,17.593198323949228,36.7683443
170,21.193186935678437,47.10589813000001
171,29.12899374956099,44.68011962
172,52.64694174500943,49.26194935
173,46.87656457343315,34.16793103
174,73.30021343770156,47.04560758
175,76.1901361309483,96.68723816
176,78.11225796829886,68.63734521
177,82.3990413810722,45.30448296
178,80.1394250448233,90.55927733000001
179,79.72502367159957,132.6874076
180,78.2008811583632,70.49030779
181,80.63641684046931,54.10991655
182,80.066202436699,69.38991314
183,80.91305110314083,85.50164651
184,80.49004146812976,48.60852381
185,77.64453950102303,77.89161376
186,66.31283234282719,35.49426659
187,45.982767704393446,20.92245299
188,35.26387100398465,0.0
189,30.441819150797333,0.0
190,27.063650428887815,28.55125
191,22.86246509186916,6.58875
192,18.224955033370424,14.23698113
193,18.25407230425638,9.343018867999998
194,23.81121383895659,3.5122891570000006
195,36.176558467793505,30.88376867
196,61.531667550507656,36.52041276
197,57.9121117311406,39.17643791
198,76.59545779599875,46.88178277
199,79.54480019484869,50.84305066999999
200,78.94221313924521,21.3392392
201,81.28698666157308,39.41051887
202,78.51386917568234,22.380363009999996
203,77.18487054426235,83.69795467
204,75.98613953366298,111.9451152
205,78.28829081050823,136.7920927
206,77.506885886823,90.08981007
207,76.21923484954593,76.34029207
208,75.16879991878429,101.4924451
209,73.19820204332595,82.53624004
210,59.85681934257217,35.21814209
211,45.73961050036655,65.20337838
212,35.86181125701579,4.959183673
213,27.692902579383816,24.18254966
214,23.148360220353002,50.43826667
215,19.39864591127319,0.0
216,19.048199732494975,0.0
217,19.013795059433594,0.0
218,22.89080644057829,0.0
219,31.208912620998863,26.673432840000004
220,58.187973345568544,40.93133187
221,51.57945616995701,15.81858109
222,72.48369885399823,104.8763227
223,74.32859515418849,79.38873145000001
224,75.79405132286644,92.28772255
225,80.96985166215558,88.01136202
226,79.3523191120639,58.2555975
227,79.63160744327837,78.82691793
228,78.50326163199914,50.26759062
229,78.88148386034781,28.36978643
230,77.49626961265118,62.70844216
231,77.6142010530402,59.79293615
232,76.61909995920378,47.35667942
233,74.54738992969853,98.44152174
234,63.92703425443565,32.74461491
235,46.43603721298969,18.10842857
236,35.71901538501378,0.0
237,27.885348740214102,18.347368419999995
238,23.882720906065444,31.28263158
239,20.042410316491328,0.0
240,18.71541751483366,0.0
241,18.824422030600413,0.0
242,22.608429699011594,27.47769231
243,31.102038344457373,6.427524161
244,62.16905433378293,43.1722231
245,53.98826346112804,41.02430732
246,79.80919431246356,70.22908049
247,82.23489946437437,23.66605643
248,81.85999482170439,54.48883048
249,83.68330498876155,84.93616897
250,81.03330485350496,72.6669605
251,78.82002122040564,66.47407575
252,77.48397708466274,129.3751022
253,78.83922829538757,90.49986867
254,78.26313827277053,110.6218616
255,77.5494382883966,98.17930059
256,76.64145874058048,103.6683164
257,75.0908628468008,84.93596435
258,64.38940529742673,38.0502381
259,48.8558798417867,81.7202965
260,36.12935708102542,26.46613208
261,30.631711643703888,12.940851060000002
262,24.97065110286282,6.679148936
263,19.95580605192225,0.0
264,18.54330247939617,0.0
265,18.345100743937778,0.0
266,21.724871510510557,0.0
267,30.949278802308495,11.309439250000002
268,58.50966129480563,54.18575611
269,56.227459184475705,90.27509608
270,73.7910764303306,95.61658894
271,75.87692112092483,116.2617998
272,75.50036641590414,101.8860626
273,80.27739295661394,82.3619873
274,78.53946696834008,29.55104762
275,78.86811748225811,46.34814303
276,78.14200274305496,98.43349096
277,79.00192095097313,52.58751026
278,77.35860726796253,40.59695553000001
279,67.92969264529451,40.73692459
280,64.71303141513927,21.69379856
281,59.67631649018519,99.71449021
282,45.85234293477753,127.9087916
283,33.96361750637284,63.4355461
284,28.329276625978224,10.49657143
285,23.805774744541253,0.0
286,21.14045260174226,25.59014719
287,18.391501108374232,49.06080519
288,18.065092147411466,16.5142328
289,18.156560385457507,20.38104025
290,20.845510504417504,74.17023433
291,26.848101212525286,44.96287356
292,50.02545102036806,27.53066667
293,44.41127538608231,58.862914249999996
294,63.34785363884424,81.68516843
295,66.90903741124349,9.131917324
296,65.54613829248039,33.61196429
297,75.81030749269206,42.51747024
298,72.21688639103337,65.0237697
299,70.1585078176633,96.62679576999999
300,66.82821927801271,0.0
301,71.65957564945548,16.27330843
302,70.42728027532519,86.06488615
303,74.15265834735403,51.041313169999995
304,73.85610984012169,51.1760095
305,70.09940677489504,24.514482760000003
306,55.62366732144155,18.92
307,33.77311606188447,0.0
308,23.564992233421215,14.93542857
309,20.419872992329353,34.1668631
310,18.95316836377757,0.667708333
311,16.509468583493067,41.1443662
312,16.434085179433314,10.1056338
313,17.277758130636652,0.0
314,21.537840435251876,25.30808824
315,29.685272110858605,5.981911765
316,53.47466627611129,50.31586207
317,50.390468384666654,46.69218141
318,71.97716463428165,81.74388509
319,73.65122273299629,114.52911260000002
320,69.91079329857251,159.86339980000002
321,78.43350502786024,113.8541974
322,75.5208219507599,69.58046363
323,74.92915673643023,20.71283344
324,72.85120004231153,87.7511568
325,75.96127510205001,126.2565219
326,75.41630927139232,123.9242712
327,78.38146258514783,69.03628999
328,77.90267385829151,117.5923625
329,71.7994642687443,39.25431643000001
330,54.39364623959889,43.84800924000001
331,38.114078704461946,19.71513636
332,30.236309996357175,0.538947368
333,25.19053937207354,12.61844394
334,20.98916632954938,30.6326087
335,17.683199839905736,2.418867925
336,16.83243664062526,10.40113208
337,16.64288900201952,2.686222222
338,19.585622420977945,60.12044177
339,30.324029580848503,32.66555823
340,60.60544564670301,51.4470399
341,58.386264568535374,86.80592422
342,73.347183466521,29.77195652
343,73.12490959129264,82.98919048
344,71.62660495915127,87.15652381
345,78.72768757267434,48.85985854
346,76.06231304694357,120.6185562
347,77.3081974266236,76.67983927
348,75.69151173392883,2.528888889
349,77.55638775734461,77.86842967
350,76.2285939333553,87.36723878
351,76.65860542024616,56.93010399
352,76.51773898623097,28.91681377
353,75.40102218580444,82.77841379
354,66.29822187010798,82.61080465000002
355,48.53543598717912,81.42819535
356,32.93454389866213,0.0
357,27.21770208335366,0.0
358,23.228892430081206,61.34206897
359,19.144507935174243,14.73793103
360,18.886943242288748,6.161587302
361,18.46626028249707,46.76507937
362,22.28918846921254,33.99333333
363,32.944221645306435,12.18333333
364,55.58461584580784,2.436666667
365,53.961906115959664,15.744
366,75.48635398165595,100.77502340000001
367,77.218194819356,39.34097658999999
368,78.04628166573593,40.48120821
369,82.36339479600346,88.54427063
370,80.68817117705697,50.04917226
371,79.8906235798983,47.01486837
372,78.48497125832317,49.44635008
373,80.43455921289787,107.3074638
374,80.76557568923414,90.60783549999998
375,81.59605468949819,37.82258362000001
376,80.32292245480973,63.611404889999996
377,77.64196400687773,33.9417871
378,64.49131629118311,67.17672902
379,42.21327010808225,15.92632653
380,33.202644108699644,38.54028571
381,29.081430047514836,23.48371429
382,26.11958558894939,31.90327273
383,21.726080683185558,8.692727273
384,17.004781942700316,0.0
385,17.85158259145469,4.894782608999999
386,22.874727063147397,11.29565217
387,32.10110526275314,1.129565217
388,61.09425260926013,53.28179323
389,59.46478548121377,93.39726998
390,76.57494114772261,120.5927678
391,78.55409053679222,52.55816901
392,78.16644811121378,96.3007213
393,81.29820533946025,114.0644248
394,77.93373693683047,92.52593097
395,77.1061040758592,107.3321014
396,74.85676352472562,97.09899468
397,77.86397160220292,77.20325541
398,76.52793619694864,99.08624906
399,77.43684990704799,86.98317272
400,76.86333537857625,46.823532
401,75.4827046374094,44.74372291
402,66.11255929894176,36.84767251
403,51.872001748153345,5.170222221999999
404,39.65423729908666,0.0
405,31.37641359319637,0.0
406,24.628734611474307,33.68326531
407,19.8838668256263,2.196734694
408,19.361705031265334,8.4
409,19.92326315556082,17.51529412
410,23.304987368964152,33.33260712
411,32.198114087144816,14.24885552
412,60.22365701374974,48.24362658
413,55.9184828266812,18.18961667
414,74.86247326428843,96.98000000000002
415,76.8807527033894,101.29969229999999
416,77.20357998139248,129.5353306
417,81.40783408516393,69.72103017
418,80.47598538143843,106.31714749999999
419,80.66143842087757,76.49981024
420,79.43689135540477,94.12298244999998
421,80.06692706725515,57.03280965
422,78.85094461112655,65.74157823
423,77.2405274092668,74.89521770000002
424,76.11270542730526,68.34253275
425,73.50026385412697,54.13021457
426,61.54430056755258,12.09165385
427,43.46133274467498,0.0
428,32.982483011719296,0.0
429,27.051916652171585,0.0
430,22.92727150895591,0.0
431,19.52017867822134,0.0
432,18.44497971646596,0.0
433,18.339943207780696,30.67272727
434,21.439074600023783,3.61108716
435,30.676162926554106,33.92219931
436,56.66076206557937,71.17891807
437,51.922817557213484,56.98506817999999
438,78.36668186790038,66.27394293
439,81.38641819655908,44.44959874
440,81.36275857237679,32.10605833
441,83.34328737864966,49.91177693
442,80.5354574699734,112.9660597
443,78.83310822285924,29.61256336
444,77.22303151005599,21.8025
445,78.45636144708872,102.157197
446,77.58622856747562,60.04304927999999
447,70.17846571466725,33.80946342
448,66.49643015343285,61.3598128
449,62.99679196061774,22.77006086
450,48.77615738487876,23.53537121
451,35.49080914276259,36.732545449999996
452,30.827560512476996,0.0
453,26.52406039660291,0.0
454,22.921659987390168,27.33
455,19.45106158237444,0.0
456,18.38280990694491,0.0
457,18.162738297473,0.0
458,20.8319411424672,9.856410256
459,26.159872428723986,32.94987074
460,42.51625298543354,37.27955372
461,43.90873099966879,71.96465025
462,65.79886847728805,18.63951504
463,66.55856067575507,34.29632857
464,66.49144067918186,53.63023859
465,76.29603695800776,14.65232172
466,72.99718254266281,92.24625303
467,73.91582638233822,93.33013067
468,72.49650648081573,97.74749736
469,74.46068744713239,89.06723005
470,71.55845913016425,68.12553536
471,71.99241243267072,70.43757223
472,69.00272208062579,103.7153663
473,65.09582405428479,53.05345681000001
474,50.269590404365616,26.540796539999995
475,36.230794445773725,11.41896287
476,28.931154329380664,20.290140850000004
477,23.58328915496366,9.874772788
478,21.080085638122924,29.34339623
479,17.989092152592352,0.0
480,18.041741364264404,0.0
481,18.10711089786767,0.0
482,20.875122139222025,48.40362745
483,29.193861280068138,38.33637255
484,52.44260029342328,24.88165823
485,46.91045196504331,23.8465109
486,68.46904040651998,81.78545908
487,70.62138959423913,95.75874528
488,69.7368557736339,67.90853796
489,78.25659913678804,95.48226612
490,74.47909131716052,27.76074662
491,74.90446691458983,57.64607581
492,73.2462590179796,11.74792453
493,75.8419555139691,16.50648724
494,73.88586334536642,101.4698573
495,77.22726579704064,110.0016132
496,77.52902640598398,38.44058824
497,75.6623169799563,22.5970778
498,63.14998147933156,45.31925177
499,38.90067390363661,37.42719984
500,25.430798053875886,0.0
501,21.203133144848056,10.24877551
502,19.521468607916148,39.76122449
503,17.024531399288268,0.0
504,16.68966805140022,0.0
505,16.733611874598928,14.7
506,21.745244105724343,36.76363636
507,29.913941069007084,28.16875698
508,59.34980494598104,97.59434912
509,56.003417385300146,51.22325754
510,74.64114664707623,28.53678869
511,76.35543920263369,75.92751948
512,74.0815310565005,59.111344
513,80.27032126082513,35.8229536
514,78.38912795416334,73.55139423
515,77.7482140534823,54.44333333
516,75.57279454956327,68.33056866
517,78.10496801029436,96.31478943
518,78.45652732637265,93.55193551
519,79.71432882303009,60.50179731
520,78.76009514646202,48.45392587
521,75.40367625434739,70.87527151
522,59.461847671790395,38.83074201
523,41.42644355095895,25.6569697
524,32.38486796938955,13.73066667
525,26.468912082561047,30.59617997
526,21.513870878723296,68.72382003
527,18.428029472794407,0.0
528,18.133199780510736,0.0
529,17.80554672491846,0.0
530,22.632820501616486,0.0
531,36.89251310085565,27.51206081
532,64.54778509162999,67.33077132
533,60.905224434727764,41.85341116
534,75.22468377649308,46.50119641
535,75.13666299014407,75.26764843
536,74.33387709980852,81.38109995999999
537,79.48507492214353,86.5516907
538,77.77072998365429,16.73212121
539,77.92746844599546,61.74923432
540,76.84209409974396,65.26454617
541,78.25568243548209,64.79479094
542,77.04539225793904,68.46929742
543,75.8696224324317,74.76754611
544,75.26312411792281,64.74735981
545,74.6825728156168,66.04513731
546,64.25336682362291,28.91208791
547,45.4550271277991,9.49
548,32.98271000442363,0.0
549,25.992011323870564,0.0
550,21.926083081923508,0.0
551,18.65008726842922,0.0
552,17.730731893930614,0.0
553,17.722628909172613,0.0
554,21.279337214838858,0.0
555,29.83832412437653,20.6
556,58.47266148399954,17.95145722
557,52.26071365858874,59.04368808
558,74.15962527727929,82.34621311
559,77.34323287748835,52.68864159
560,78.2933108414694,37.48827122
561,82.36763781347675,83.10269032
562,80.46656518420866,51.05903846
563,80.07836400735802,1.072857143
564,79.18901532227436,21.044415579999995
565,81.33934340187609,72.29046879
566,81.04791969146848,91.1616284
567,82.37191575290454,34.52408463
568,81.91985105173899,1.626545455
569,79.18223173261029,23.7696
570,69.15180390444006,8.252937313
571,51.04437325242639,30.16746269
572,38.75593549791484,0.0
573,32.34543671750052,1.4498039220000003
574,28.562297732707837,35.52019608
575,22.89658820667228,0.0
576,18.102909350215374,0.0
577,18.728825362744338,24.05353846
578,25.05634303137026,17.9668389
579,36.46691269334417,19.33962264
580,65.61004110399413,3.257777778
581,65.69252239530857,50.61888889
582,78.38152369856823,66.54509804
583,80.18224809154437,29.27601307
584,79.69890204962415,65.42065957
585,81.9144905317213,84.01434461
586,79.5178491764536,75.81899391
587,78.40361183479745,67.72595141
588,76.99661501797358,65.35818468
589,78.71355291158537,105.6386421
590,78.10264570031926,85.58156221
591,76.92327891349713,79.55998156
592,75.99493986620016,93.03266963
593,74.61048517101416,55.34815562
594,64.65815156362274,85.27795832
595,49.03083446865049,46.4851186
596,37.99610361162977,0.0
597,29.696340187816944,22.46181818
598,24.803612846562604,24.85937585
599,19.8864881548369,26.83880597
600,19.445958611771285,10.3375854
601,19.7132206949005,38.2024146
602,22.92688300221196,5.794736842
603,31.587442599071675,29.68617225
604,59.464479914111784,60.5915003
605,56.352069448665276,57.9289677
606,74.52058732961011,72.48729805
607,75.73936354209972,46.971324849999995
608,76.71306620830855,50.46528369
609,81.0910395748029,116.70286499999999
610,79.71610984271022,131.5068436
611,80.0853047458174,58.049263530000005
612,78.27763088389325,49.15574423
613,79.1138807371405,43.73
614,77.93162415858245,18.409999999999997
615,67.29402576827897,8.848235294
616,64.80792309603862,65.35382073
617,59.80140693124931,74.97529692
618,45.38562847369394,78.87437545
619,32.38811789378138,78.40642378
620,28.387860387295262,22.82184783
621,23.978009824197375,0.0
622,21.55770011425876,42.32769231
623,18.793328395351264,7.192307692
624,18.293236184931178,0.0
625,18.167382917423176,22.99275
626,20.502404483953402,4.87725
627,23.433353925885985,8.0
628,37.92873043088635,6.25
629,37.31193450504056,89.31200528
630,66.0153365775787,84.92799472000002
631,72.61293627716073,4.151666667
632,73.38661035316572,37.40428733
633,79.55889120349453,75.50715523000001
634,74.46298356564158,100.160709
635,71.95074617569287,53.86061364
636,68.99705599350612,84.99509199
637,71.90145383689834,51.32013545
638,71.10820164014473,89.26888454
639,73.72094441518068,78.74153563
640,69.96759822283157,41.46242057
641,67.64023329482822,23.924329270000005
642,53.657958519614965,1.873170732
643,38.357851407937126,0.0
644,31.699317262974933,10.79777778
645,27.06974649257242,2.762222222
646,23.340561927501703,0.0
647,18.605005207775616,36.966
648,17.67505647663783,24.644
649,18.014333086527408,0.0
650,20.59906627142211,0.0
651,26.467643979087807,0.0
652,47.13929989820866,87.10308824
653,47.046032088194146,85.07450745
654,68.60188788673021,82.87391594
655,71.74873576457045,62.97848837
656,70.19095467864982,50.33
657,77.82877900254286,28.64324349
658,76.03348497349343,73.94675651
659,76.48202255725322,72.15738104
660,75.51523443803788,89.19261896
661,77.2021918337006,107.50203579999999
662,74.39237137361711,39.16674465
663,74.88602812260717,19.75303376
664,73.28495254357955,30.13669815
665,68.14259870622486,22.6214876
666,53.63354370816635,60.12517514
667,39.726534475416365,37.57561326
668,31.004049522717185,61.89117741
669,25.25891001114273,27.48803419
670,21.19915204203362,34.51
671,18.266130200362934,0.0
672,17.917975774849605,0.0
673,18.25124362594086,26.03589797
674,21.857736451698045,30.21938505
675,31.626090289606335,29.44978192
676,59.10265790865109,75.13528256
677,53.0408570266672,94.85631637
678,72.42152904447718,104.4736587
679,73.69844594598595,43.612781639999994
680,74.37185472534097,36.49689578
681,80.67864621396366,77.20249795
682,78.20082877543143,51.66022932
683,78.0169297629681,59.35727273
684,75.6911887058496,25.33705224
685,77.82427407041074,116.030106
686,75.95812339565525,62.4617703
687,77.8458820297654,79.0435248
688,78.39681951464475,46.85637728
689,76.9070838570919,33.54283602
690,67.38842854181514,27.58833333
691,42.722912381750454,14.6
692,28.30659045127798,3.65
693,23.156820063833678,0.0
694,20.43730559549761,0.0
695,17.6782027264772,0.0
696,17.80775008198599,0.0
697,18.66076902126576,8.59109589
698,24.729772556367877,33.21890411
699,34.30739359183915,5.614117647
700,62.0981453051451,17.6632635
701,59.65776420185037,84.68429883
702,75.32360894313864,105.203043
703,75.83871650268806,102.4776581
704,76.49224595943677,134.073022
705,81.02125677919811,55.91546126000001
706,79.05711510008028,57.99065211
707,78.36919624862529,85.08856981
708,76.79228666212038,72.88406281
709,78.98008599891412,82.27826856
710,79.13243302547532,71.0948072
711,79.4520387531746,73.60569197
712,78.57908592573462,48.95166667
713,74.22278163201533,33.36220215
714,56.69407761018439,67.02875997
715,39.415445339373846,18.87445455
716,30.976522292072634,15.850731710000002
717,25.70871133313144,7.359268293
718,21.650164719319488,25.19
719,17.53313256218756,23.9
720,16.76495760270722,0.0
721,16.890710469595998,0.0
722,20.420809337234722,49.03586392
723,33.919397581471266,64.30297158
724,62.970076665415604,99.32531084
725,57.23873787374009,31.64416761
726,74.59135667042989,39.78501938
727,74.70051396974763,50.06
728,73.89458510350595,62.83533776
729,79.05927153077144,81.46288466
730,77.28750616857488,85.24114087
731,77.7794168198393,50.99153799
732,75.9439625431004,107.3945739
733,78.01150812953001,82.43119145
734,76.60085323797095,78.31133333
735,77.49188690735984,27.69457576
736,77.35587462502191,100.2760909
737,76.16943614241097,77.82883333
738,69.37558378895677,36.63094975
739,52.664520583862206,81.86591795
740,35.06446882633988,7.232298969
741,27.404556366217623,0.0
742,22.974156415511228,17.87381818
743,19.604497737392002,37.26193939
744,18.525568674370245,5.544242424
745,18.76440865177052,0.0
746,23.232133623984407,0.4535897440000001
747,33.418184594573546,21.03695157
748,60.4346729238921,58.5324287
749,57.89490393805452,97.52225538000002
750,75.2352651287104,121.0499091
751,78.46893335071326,69.77486556
752,79.49391017663521,75.61583117
753,83.03133828947726,84.44886992
754,81.0377224807508,95.47755794
755,80.84742402012304,113.5066299
756,80.10071405824608,79.91794793
757,81.50591239441255,101.4955161
758,81.79117237984869,78.5368211
759,81.99526501250894,63.26701878
760,81.39319305573451,23.76380718
761,78.20177166820326,35.16457627
762,67.6349819059184,30.625423729999998
763,49.344337584798694,7.11
764,37.21974927561593,17.58040541
765,31.021305333490723,18.99959459
766,26.64641601210426,0.0
767,21.670087694368924,0.0
768,17.251023191835102,0.0
769,18.062087768012304,0.0
770,23.235955395381378,22.61
771,34.66982454888166,33.66697531
772,62.06764970836698,52.94532029
773,59.56508133457394,62.50559138
774,76.78222040873212,77.55089608
775,79.13946979930961,89.5587725
776,79.19874981709475,64.00168701
777,81.44628315708229,75.29907519
778,78.82679607958109,77.68849059
779,77.677034379697,118.1251962
780,75.89684409597427,100.3446717
781,78.1219138887216,99.44209375
782,76.98368516431529,109.6586649
783,68.32354681353188,57.65620388
784,66.88572700660633,84.27292927
785,62.50321815126965,10.37273024
786,48.59969674872661,39.19185613
787,36.8455081500817,57.21824079
788,29.873665142343278,13.69060484
789,25.05155435835772,0.0
790,21.881919905198018,0.0
791,19.1353300090039,0.0
792,18.694835387892798,0.0
793,18.600731633592137,1.31326087
794,21.26594901052759,7.31673913
795,26.7140423770179,21.05
796,44.36901109063344,29.43
797,39.798753077348415,12.00932203
798,62.355476457459794,40.50077575
799,65.69511535043114,74.92504755
800,65.42970413089108,120.6791026
801,76.76865322940398,77.92054372
802,74.04141446125415,54.76210489
803,75.15456049183179,89.34913778
804,72.37048624271272,74.57362554
805,73.54886648431987,43.23512274000001
806,70.63168284033172,68.97336532
807,72.14322289323336,111.45244729999999
808,70.54475773030556,74.51068182
809,66.1894879994887,86.04075998
810,50.68824352555125,83.42466894
811,35.667108264875125,56.26891902
812,29.10933923703687,12.184375
813,24.003380624150775,14.86
814,21.515481653875188,0.313125
815,18.622095139265216,9.706875
816,18.000617488892587,0.0
817,17.500926880949397,0.0
818,19.645007204626612,18.4139928
819,24.57940298548095,91.09884609
820,46.77667905303849,106.2778991
821,39.43842398544313,84.4827871
822,71.58659749501278,100.0798386
823,77.13306382474292,76.23155414
824,76.6506781365718,59.29293109
825,80.87917680726362,122.0937375
826,77.16690319866562,68.29889671
827,74.7862910205192,102.0895895
828,72.41338349858712,97.49092743
829,75.08887229539359,98.29482222
830,74.40893311054471,60.46981985
831,76.23603230966648,53.2469151
832,75.21857243445338,92.14251529
833,72.52032325379332,57.57041114
834,58.84845227126527,61.075816
835,43.11730784028277,87.67722214
836,33.04541019112884,11.41147826
837,26.6605877777699,6.104259259
838,22.86202420219344,13.28574074
839,18.94861759658015,0.0
840,17.817659186578936,0.0
841,17.481560474550005,1.2886842109999999
842,20.656200771626875,38.66052632
843,27.072520605334017,46.58078947
844,53.36418630776638,36.24323077
845,48.98097901333945,25.12676923
846,72.33741515178929,0.265079365
847,74.32196871331972,85.98026056
848,74.75011187564415,102.13117699999998
849,80.08812469364429,96.73634026
850,77.8290409172017,52.45534240999999
851,78.3113567614638,82.2282215
852,77.14659608211655,65.6338351
853,78.37544727848304,120.6024711
854,76.75863062845886,41.77727273
855,76.08746558468128,30.46964286
856,74.85238954992292,44.7567345
857,72.29880893107561,81.1727019
858,59.17697182785389,43.48092075
859,43.91449312216337,12.6
860,32.47109245770331,0.0
861,26.104525496065833,0.0
862,22.952238523810262,0.0
863,19.45560798432755,0.0
864,19.572428470038652,0.0
865,18.968486006075658,0.0
866,22.801508820267426,0.0
867,32.611127312676665,0.448235294
868,64.52567512917919,24.54721925
869,56.76981459903358,21.11903525
870,74.24401418035897,49.67359498
871,74.8167778868087,79.97873384
872,75.4648420576762,96.92890018
873,80.86230950323403,128.814934
874,78.53561682285506,119.0841618
875,77.91509734360936,38.75409895
876,76.70258089146614,95.25892178999999
877,78.5769731474866,85.08947238
878,77.52405002746595,52.675163180000006
879,78.1226909022095,100.5624109
880,78.67907621199281,97.69132780000001
881,76.59222751520635,65.34651142
882,65.26017986795401,56.7118821
883,41.1257044091851,28.92687841
884,27.31561014807404,10.84851852
885,21.881867522266248,0.0
886,19.532794234289014,0.0
887,16.958211333735612,0.0
888,16.753666898288866,0.0
889,16.787140683000267,0.0
890,21.613627624410682,13.43009519
891,29.810281794902913,98.67413558
892,56.94844476160983,15.47686553
893,58.675837415353826,79.77060995
894,74.12986304154593,74.2502151
895,76.09729611487657,91.59577097
896,76.14783691354492,65.78100945
897,80.75416494059715,102.32659900000002
898,78.39960454051713,71.59133998
899,77.85975477619553,125.7533741
900,76.22894315290043,113.293869
901,78.76792639476147,94.07379458
902,78.93744629245424,81.90651513
903,80.4778624364935,60.96487455
904,79.98058253472274,52.69415771
905,76.71656713424844,48.19729015
906,62.30456024778043,29.85857495
907,44.83531958399582,3.890909091
908,34.784964415531846,34.19945455
909,25.830499466871963,20.79054545
910,23.24484521542699,0.0
911,18.440151756254593,0.0
912,17.83989683242591,5.69
913,17.696086041120886,11.38
914,23.11341207437452,6.545546218
915,36.02408921439151,32.72773109
916,67.43196312335941,92.26143567
917,60.555939410937086,64.58542216
918,75.72073267936725,57.03638951000001
919,76.18440893040824,65.14529353
920,75.56136633994902,80.02320966999999
921,79.88020810696491,100.2614509
922,78.3063018085481,49.83299492
923,78.69129016558358,91.32172317999999
924,77.645526046238,120.3539889
925,79.04501464284166,112.5486486
926,77.60036322856459,139.0991642
927,76.84822290276092,128.4934443
928,77.20388554849447,139.8219943
929,75.84997010252974,100.0488634
930,67.73612898191982,46.47269949
931,49.3144400264916,26.693720930000005
932,35.29249827619635,23.92869286
933,27.03585910096226,3.927586207
934,22.288367803281496,0.0
935,18.898338712570638,0.0
936,18.094147213565947,0.0
937,18.15931267199753,6.955853659
938,22.09208677532129,8.054146341
939,31.285679807506174,39.67
940,60.483380319948544,29.53515342
941,54.32050220587225,96.00730152000001
942,74.12156034686056,49.13129506
943,77.22016790978596,77.015
944,77.77074744463155,37.44713235
945,82.1151258908848,18.74427554
946,79.98328898619748,34.22513622
947,79.98789868419314,59.40262518
948,79.23681474751348,63.70874737
949,81.34577777199505,51.14525253
950,80.96516338976225,47.95281926
951,73.35566950146756,31.405400259999997
952,72.6515424978744,49.69786129
953,67.66477906360626,37.02381817999999
954,51.494617646712975,51.67741259
955,35.809275541695904,37.81423077
956,29.893568473793298,49.48070513
957,26.065934553707258,35.11583333
958,24.11081583458662,19.560000000000002
959,20.42512001599487,0.0
960,17.83853487619992,0.0
961,18.034828999893065,20.10541667
962,22.155954664880515,40.36291667
963,30.461034956267888,65.36529304
964,50.3753166216525,22.444608919999997
965,47.68431811179813,16.36076471
966,66.96157749180769,48.62670924
967,71.09488327974249,51.12429076
968,70.16775340512051,29.15587165
969,77.26940786564872,91.04118578
970,71.94482253915868,68.41294257
971,70.7150764677078,30.213760680000004
972,67.75212323708658,92.74882051
973,71.88432461820992,75.35331491
974,69.37150665076743,25.63827056
975,71.68235349428632,72.68681335
976,70.66134904069017,50.189019990000006
977,67.7606267330104,23.513107389999995
978,53.711035525229796,34.57546404
979,39.35035518140668,6.213303571
980,30.754043250361512,27.079910709999996
981,24.93940031881836,0.468214286
982,22.13166208027269,0.0
983,19.021050095483588,0.0
984,18.519832743341553,0.0
985,18.45636863888138,0.0
986,21.39935742463218,0.0
987,27.03064918187341,25.10980392
988,49.29264872687574,47.86019608
989,47.7932047659684,10.304
990,67.66383617083443,81.13586342
991,70.97312352009,89.62216488
992,72.39977266681584,64.14686059
993,78.74585571950952,79.16079349
994,77.18802225065711,81.6797745
995,77.59714167826081,118.7342035
996,75.81324093687111,47.53217821
997,77.07615849986465,104.1922702
998,74.18603500537944,43.82189118
999,75.32836705944098,0.0
1000,74.46396138036793,17.00051546
1001,70.99003884180703,28.34948454
1002,55.88752014876147,52.7355093
1003,38.86573012290244,69.31881502
1004,31.230302318137827,28.5327345
1005,25.10358807058149,5.152941176
1006,21.994826949381554,0.0
1007,18.925732803263614,0.0
1008,17.84379499559838,0.0
1009,17.625527323339263,8.224363636
1010,20.830649030150237,28.43581699
1011,26.497491337085293,76.01878137
1012,50.83727296643375,106.7634518
1013,42.10829471281739,72.03676265
1014,77.06908680407584,124.3173134
1015,79.43904778609593,67.65219354
1016,80.24292498751,93.67442268
1017,83.30711696426323,65.59563711
1018,80.05452104291454,28.75199757
1019,78.06440616012797,48.81555556
1020,75.57313503861977,53.4237037
1021,77.06604859403325,74.00532254
1022,76.45315083135992,117.1709587
1023,77.23633677472529,54.03253053
1024,76.91600641646987,74.04265105
1025,74.86220261914096,19.74636324
1026,63.266970026948755,20.58710792
1027,47.64373007016586,44.978466
1028,35.96361093704216,22.1166
1029,29.172467217684858,3.106923077
1030,24.361319744794102,14.20307692
1031,20.09038435150301,0.0
1032,18.616123485043563,2.299672131
1033,18.51713065711114,19.71147541
1034,21.50328734388382,18.06885246
1035,31.273027146861832,33.38388239
1036,59.73024471844126,84.14160952
1037,56.05602730977338,68.24961034
1038,75.14673797402097,29.04988014
1039,76.27586952927673,80.53968429
1040,75.26407574118329,47.88797308
1041,80.52276333950806,104.1317591
1042,78.65063228004229,83.09418755
1043,79.17251469876716,85.86141359
1044,78.25352600479094,91.78523715
1045,79.29837342283055,140.8489895
1046,77.43801106203553,116.8832687
1047,75.6222440371531,41.45953163
1048,73.9333397425263,95.00846925999998
1049,70.6077351100247,51.80268553
1050,56.404989305484804,45.80556818
1051,40.55918300210451,1.05625
1052,31.380499461874344,0.0
1053,25.12159252075489,4.406880734
1054,21.507955972677724,20.339449540000004
1055,18.51650424455207,28.07366972
1056,18.45319947150936,0.0
1057,18.16716574651855,12.23
1058,22.4350400122344,16.27969418
1059,30.0219721352918,44.83627985
1060,60.41082995944863,39.94528781
1061,54.14678294314935,71.76777645
1062,73.41378836426514,107.9624367
1063,74.1003889119373,124.9434835
1064,73.72997174042219,104.8356716
1065,80.8811848196481,128.819968
1066,77.9069779891852,42.30503822
1067,78.12359887302682,47.93183436
1068,76.53441421951074,133.1847256
1069,78.69770707472527,111.4002368
1070,77.4797777196326,101.12851360000002
1071,79.22980416514507,92.32049793000002
1072,79.69564557736585,120.1966341
1073,77.97124311597699,78.32144344
1074,70.18723549049423,75.77736085
1075,46.86205450133316,58.43311693
1076,30.00402006805017,35.03635714
1077,23.14772725992746,30.21042857
1078,20.92686556269891,0.903214286
1079,17.747791268710017,0.0
1080,17.61810531669426,0.0
1081,17.69007728232256,15.86556962
1082,24.02878852868085,95.99309705
1083,34.29529968246701,40.56451515
1084,65.56253415012407,5.204390997
1085,62.77433037988387,29.45161065
1086,74.90268589490968,45.38379327
1087,76.99181324922809,70.04373041
1088,76.9600866535534,85.41525737
1089,81.30030065673101,72.95420492
1090,79.15136072482116,114.2241163
1091,78.75227262865121,99.04560054999999
1092,77.1879524067481,105.2377455
1093,79.33089449297042,41.63103492
1094,79.58258574963132,73.12789479
1095,79.76722685362805,93.35372293
1096,79.51552686647851,82.25205631
1097,76.06171064322824,110.9554093
1098,60.774088130288646,23.96819444
1099,42.33915065836722,35.64400964
1100,30.88349457049539,36.51404591
1101,26.16303504822953,0.0
1102,22.628933251554802,0.0
1103,18.290270001419763,0.0
1104,17.53624061613918,0.0
1105,17.33461762044963,0.0
1106,21.82176465592791,0.0
1107,35.78500260068749,0.0
1108,64.1344837599734,84.63607652
1109,60.17138757833301,104.2846763
1110,74.95598552798454,23.90363426
1111,75.97812494510234,73.21550304
1112,74.73939956609742,53.0555002
1113,79.22250547665195,95.67736786
1114,77.4659748171115,108.2772418
1115,77.60760080363733,40.51
1116,76.99720869120029,61.376
1117,78.200322407091,75.86401317
1118,76.79530741118572,55.12557242
1119,68.14099229631728,93.53715547
1120,67.3954827766267,86.28478042000002
1121,64.650385793988,33.9707712
1122,50.21602449138761,33.31170732
1123,35.28733855741711,2.538510638
1124,28.604658063531616,38.27347002
1125,24.135492560694086,14.72835268
1126,20.895042931649307,21.35966667
1127,18.112548900971927,0.0
1128,18.093713963067774,0.0
1129,17.951732209130345,0.0
1130,20.9241023630481,4.377619048
1131,26.407818305763417,5.132380952
1132,43.03908266217456,28.98093158
1133,43.07327125564239,82.00795588
1134,64.18545235258455,56.18511254
1135,68.77126809660493,61.55679487
1136,69.96198451864366,46.10059402
1137,78.20771713095904,92.93185435
1138,74.72158936929598,87.90018628
1139,74.54016108511442,85.56164437
1140,71.30685081314532,74.83603722
1141,75.11235730980331,53.313888889999994
1142,72.42713838342077,47.20894613
1143,77.43288626521081,44.2371177
1144,76.6302400626933,60.04797817
1145,72.79968142891683,50.70491149
1146,57.59753039964682,49.05554651
1147,39.375389857547894,26.65095455
1148,31.400529385409477,56.51642454000001
1149,27.37215097505209,34.95312092
1150,24.256206844333345,0.0
1151,20.179083933342845,26.097959179999997
1152,17.179680912699105,1.702040816
1153,17.55618432609911,0.0
1154,21.88888683512328,0.0
1155,29.541738512567523,15.90823485
1156,52.65104943990897,32.92296395
1157,51.03224223847757,41.35901169
1158,71.17508154828066,48.45211551
1159,75.09980286715603,110.9537014
1160,74.39167293452687,72.09304597
1161,79.04752902356658,100.2291357
1162,74.78676246690512,102.5846593
1163,73.58974263207686,61.79935799
1164,71.31608330486958,87.48179457
1165,74.91623561326057,93.08318615
1166,72.79552135108551,67.84040166
1167,74.98914392379424,98.81128689000002
1168,74.86531940358121,63.4509064
1169,71.69052523164227,41.19019802
1170,58.726592110993565,40.67119048
1171,44.18527359220973,3.493383053
1172,34.61222951540176,56.63261715
1173,27.3766362635848,32.82280932
1174,22.899292475524852,0.0
1175,19.245159555946017,0.0
1176,18.89084358808337,0.0
1177,18.381886657772483,15.56
1178,21.62955640091274,0.0
1179,28.519850096997775,0.0
1180,52.15627082313019,43.60442606
1181,50.62927780535673,45.98613122
1182,72.02152861224559,92.14208257
1183,74.17519173850329,125.0357552
1184,75.21281031195879,70.07139812
1185,80.42320957768128,122.7222445
1186,79.1846238864944,46.79796227
1187,79.52654474312723,16.525
1188,77.92243968454564,15.41424603
1189,78.82140063760889,16.36792958
1190,76.1949117082279,62.47334879999999
1191,76.06270591893184,73.75303480999999
1192,75.73266725732192,98.52910745
1193,72.64613832541357,74.19629885
1194,60.568703385311444,109.0283804
1195,42.70913567069523,53.4747969
1196,34.00359223117898,32.08521472
1197,27.657965346516118,32.64264242
1198,23.44715682840709,0.0
1199,19.793905688179695,0.0
1200,19.108121441194275,0.0
1201,18.53019146809885,0.0
1202,22.623524713849665,24.60392857
1203,28.195412043842815,53.00231074
1204,58.7055123462009,88.05369780999999
1205,54.02879911982854,36.7044107
1206,78.74319292047792,63.48750502
1207,81.23057897454662,99.47609587
1208,80.65138089797796,21.66205128
1209,83.04748969343935,44.38058824
1210,79.74031948767609,124.4063806
1211,78.08778640867415,65.33311453
1212,75.46937318127421,33.60841842
1213,77.62659834689218,105.031212
1214,77.00119852450335,103.2907148
1215,76.71895928813255,72.40372237
1216,76.22249132180423,73.83026176
1217,74.01705639798162,75.68163381
1218,60.88163901969882,57.16086183
1219,44.931433533303114,29.34309166
1220,33.79608597746513,14.99
1221,27.909104399771298,0.0
1222,23.320174053932817,0.0
1223,19.44911468341036,0.0
1224,18.1861785681285,0.0
1225,17.404350215744813,0.0
1226,21.549585125078895,9.002912621
1227,30.3538813040903,46.80232547000001
1228,52.40980421289164,22.46182073
1229,52.55907374221142,39.77478992
1230,74.69356450079962,72.33663953
1231,75.02835254822327,103.10014850000002
1232,74.74205363464037,69.22732269
1233,80.26245509057117,111.0625452
1234,78.37480995281318,89.52711978
1235,78.55230951711208,93.07162862
1236,77.67423189284736,69.55459969
1237,79.27781312211127,76.84977972
1238,77.28327188159022,102.6283676
1239,76.9910711576947,20.85503628
1240,75.87771559539,70.07883468
1241,73.46211161882195,59.16612903
1242,61.70253194344916,15.52537391
1243,46.67646613932029,26.92462609
1244,35.05973253625911,13.86
1245,27.10985435733014,0.0
1246,23.833214670299522,5.355
1247,19.723826055961542,5.355
1248,19.102293840034985,0.0
1249,18.974693383490273,3.08
1250,24.007523241004833,14.55696429
1251,33.85656207219232,57.965251079999994
1252,66.00965739472609,62.59632283999999
1253,59.44779595034339,17.42969709
1254,75.86138958165536,89.37066318
1255,77.24752926114658,117.1591963
1256,76.2337099996914,103.4498324
1257,81.5886425046529,103.3933114
1258,79.30562845888055,71.17921184
1259,79.1530806310809,80.86208026
1260,78.13716605235497,105.3037447
1261,79.33042304658449,111.4906601
1262,78.45627414220245,58.23133051
1263,78.73925547010664,91.40809764
1264,79.31694317214263,59.04321312999999
1265,77.3633130013331,107.64349199999998
1266,68.42681539826994,83.30236401
1267,45.90100231314652,30.72414468
1268,28.946792817135833,30.22042254
1269,22.20445471183204,0.0
1270,19.994338063482584,0.0
1271,17.565301138849055,0.0
1272,17.128901116904554,0.0
1273,17.030189847230385,0.0
1274,22.74603966076848,0.0
1275,33.3620344569616,29.38468637
1276,62.831811917011606,63.50309252
1277,60.311581764723826,81.14947601
1278,74.70215530160972,36.14797237
1279,76.33155258574706,23.139582639999997
1280,76.67020823963297,61.34586888
1281,80.84465645522792,107.2595376
1282,78.94083372204197,87.7464503
1283,77.66239335026759,44.53337302
1284,76.11619762275652,76.43753926999999
1285,78.74437153644273,101.1214687
1286,78.73686331622253,86.53464402999998
1287,71.74969175307523,53.83242156
1288,70.24861519079442,52.26363469
1289,63.24820384164255,99.22398344
1290,44.680126418141846,46.64626865999999
1291,32.35321121762389,12.63
1292,27.666641269590343,14.7125
1293,23.334943858069487,32.6075
1294,20.443318719540247,0.0
1295,17.738402719501522,0.0
1296,17.537802282292542,0.0
1297,17.747129934196437,20.292380950000002
1298,20.48901191439782,25.04999179
1299,27.113143568920794,55.65738916
1300,50.008125365685494,43.4349767
1301,48.24392497188522,85.14432568
1302,65.28637569908277,62.67050093
1303,65.7487292810966,44.60083251
1304,63.485114381056,62.23036315
1305,74.62981447283688,84.71931798
1306,71.15341684074991,122.63698919999999
1307,70.5356212739562,92.29620954999999
1308,69.0835533095895,25.18928646
1309,72.43188776923448,52.33578232000001
1310,69.59435237300094,112.19788360000001
1311,71.5893650599079,74.48788775
1312,71.77149178317971,105.1115213
1313,69.48435258153057,72.85471876
1314,56.310049606898,59.31941773999999
1315,37.41514634160254,37.67236726
1316,28.653289067812562,31.77046584
1317,23.372729412852117,31.3473913
1318,21.092395627088614,0.0
1319,17.83255340017856,37.72518519
1320,17.26723898315081,54.41481481
1321,17.559021734903258,7.256296296
1322,20.39387577981688,14.67785264
1323,27.17627154956878,15.47755319
1324,46.38088235108136,47.25067209
1325,44.53984929210906,51.723016939999994
1326,70.23721317264607,31.18473629
1327,73.38351102970273,90.01364304
1328,72.86766574386422,82.28364466
1329,80.24397264614538,99.22069105
1330,77.22690784700688,111.8118977
1331,76.93200067163664,101.10775490000002
1332,74.77412071937157,37.50911621
1333,77.9859452588268,53.8655163
1334,76.92107883036283,74.1346951
1335,80.3324037654599,115.9872496
1336,80.08382056275062,50.87049004
1337,75.98256876381407,94.78786874
1338,59.52943474950521,93.27900847
1339,42.42541661650196,30.553793989999996
1340,32.81299803598104,31.64450271
1341,28.23348352212802,15.77
1342,24.850133255217695,0.0
1343,21.026187966577048,12.38590909
1344,17.44896628656789,13.984090910000003
1345,17.367197621387724,0.0
1346,21.785216647908324,46.72157468
1347,30.821564849411615,68.42325817
1348,56.12708475671788,71.98916593
1349,54.854218801932575,26.43972606
1350,75.80875346571625,118.8462523
1351,78.56133684235358,85.57002289
1352,77.62397920030374,53.27705069
1353,80.5479595296889,36.62526493
1354,77.55763621721843,82.55333187
1355,75.87163917530481,87.05242268
1356,73.76318251916368,39.24827982
1357,77.19804485160223,54.90770128
1358,76.00126073996694,41.52652343
1359,76.77857106448555,26.08009195
1360,76.3215474457792,22.504
1361,74.01037757418108,86.18299883
1362,62.57921268953337,90.618103
1363,49.124704682380354,79.12770212999999
1364,36.31467698051298,26.16652937
1365,28.527829763603904,0.0
1366,23.906987299207383,0.0
1367,20.4348064931278,0.0
1368,19.247377100057566,0.0
1369,19.44142530555112,12.54571429
1370,23.283722081288136,36.58428571
1371,33.21211887148334,18.09649651
1372,57.97182827335714,69.07279641
1373,54.1176449373529,71.27456214
1374,74.67917665554045,79.83102468
1375,76.26282617926628,49.23835555
1376,77.00889881547339,75.65928669999998
1377,81.28237696357742,86.10043255
1378,80.07628615106452,65.78735795
1379,79.74541809303493,98.65550066
1380,78.17391267899085,125.7723154
1381,78.8114478805728,58.05812143
1382,77.45129013523895,78.64267527
1383,76.26511356728685,62.75625215
1384,75.4362147854645,109.6223901
1385,72.12228718150305,103.0773105
1386,57.94380340486078,84.44178862
1387,40.127364304067626,15.17333333
1388,31.116456746426763,20.48579922
1389,25.6956723483653,44.23334972
1390,21.788464389677994,15.204953629999999
1391,18.520470069011406,12.505897440000002
1392,18.04418371845813,9.57
1393,18.246331634776446,0.0
1394,21.189603070096585,20.90342857
1395,27.290684603040674,65.31470719
1396,54.61665784111633,46.18186424
1397,45.3264401260394,44.90393868
1398,76.36734758912247,100.9279347
1399,81.03650021234286,85.07751421
1400,80.78691300344134,60.70099465
1401,83.38910498297018,108.47641429999999
1402,79.81493897398087,100.3032035
1403,77.84692095791215,56.56826087
1404,75.84443497273949,71.40879795
1405,78.15125706100079,112.51675559999998
1406,77.11369087047706,131.3582451
1407,77.7161469687511,107.6448416
1408,77.58047517546967,36.63831623
1409,75.89729808138293,32.03963109
1410,65.64288520221324,56.11365957999999
1411,50.86934005116494,37.20149194
1412,37.99148081790116,19.74
1413,30.396053929408573,0.0
1414,25.85697249101467,0.0
1415,20.47745274745415,0.0
1416,18.73573336187136,0.0
1417,18.27350746325372,14.16
1418,22.438658799770767,9.92
1419,31.444319333746115,61.76153409
1420,58.89708545816838,43.47713397
1421,58.484753210749524,100.9061687
1422,75.8538639004579,98.11766449
1423,76.66005468135843,93.78953761
1424,76.21342034411958,39.27218369
1425,80.72680358923652,37.26103521
1426,79.63077804685871,51.76734021
1427,79.77262229560024,49.25875341
1428,78.73901974691367,127.13789759999999
1429,79.98614385597888,120.1107511
1430,78.2970911430454,121.2994447
1431,76.32947472945357,79.5452541
1432,75.12883174184462,25.29383331
1433,72.5334364477128,100.70213629999999
1434,60.35636917138623,11.18933159
1435,44.26601315104285,5.511555556
1436,33.46975559090002,23.17844444
1437,25.681989490062833,0.0
1438,22.734342988628917,0.0
1439,18.62218026152934,0.0
1440,18.274933806833342,0.0
1441,18.511850894113266,5.215384615
1442,23.54956109477096,34.76923077
1443,35.59125996229592,40.087012460000004
1444,66.0956963601565,80.68545811
1445,59.9884576501074,95.07190898
1446,73.93099124108532,47.08386425999999
1447,75.56850787964684,55.105631679999995
1448,74.8817239917135,34.32150912
1449,80.89663778451991,14.23
1450,79.12013176699827,58.66299226
1451,78.12467272312809,73.53337877
1452,77.42247079227742,71.06178482
1453,78.91346364019272,92.70432612
1454,77.58049263644693,67.1996457
1455,70.33732568574504,50.87629339
1456,70.46302726101314,34.84157895
1457,66.79253340574515,56.26744101999999
1458,50.67533113287021,23.26255898
1459,31.314824361169094,49.43
1460,24.035198889956067,0.0
1461,20.899347062542983,13.359999999999998
1462,19.091625182931388,8.87
1463,17.01070994447883,0.0
1464,17.387601864622788,0.0
1465,17.489989761320484,0.0
1466,21.634768502623746,8.7
1467,29.067666432192556,29.534375
1468,48.736651923836384,12.925625
1469,47.00386382812019,21.06770833
1470,66.65625920874838,3.052291667
1471,68.49520131569423,68.37208451
1472,65.60624770668521,69.62791549
1473,76.44283139380146,54.92118812
1474,72.7972194311237,101.3854785
1475,71.01401276357994,38.75115941999999
1476,69.01918341693417,30.424673909999996
1477,72.0403908329267,4.4275
1478,72.05508424528789,14.75660377
1479,75.27838501204482,107.0678311
1480,74.00260743930203,65.80556509
1481,68.75699811294223,68.87699048
1482,49.44175237691158,56.09706358
1483,34.77420627091981,34.99068279
1484,28.44335573826009,2.105263158
1485,23.44996149787888,0.0
1486,20.63415410521864,0.0
1487,17.603851702697725,0.0
1488,17.261785701691455,0.0
1489,16.901006989621823,26.8262069
1490,20.100169046633006,16.3937931
1491,29.97112795214362,49.08103030000001
1492,54.44940787046688,26.96987879
1493,53.22664618991852,28.74760281
1494,71.39977376885902,84.7655916
1495,72.2109409282776,140.0301287
1496,70.5260351974425,94.6050716
1497,76.3848784102878,81.35995494
1498,74.06814721743355,29.26074126
1499,74.43139665778494,64.60467632
1500,72.56332964077558,115.1932397
1501,75.16906183344314,88.00945834
1502,73.54005742129407,52.9630219
1503,75.45598934220726,46.09617249
1504,75.35235844219113,53.24272569
1505,73.71994913947708,84.41748676
1506,62.39916382255505,87.80948566
1507,41.800387839879825,73.06645996
1508,31.44032295257658,63.81727317
1509,25.010270060257362,0.0
1510,22.261133044005984,0.0
1511,18.679330040089205,0.0
1512,17.340905754884055,0.0
1513,17.08409843188705,31.044468860000002
1514,20.717340383489802,74.15277216000001
1515,28.965417132001832,59.31164786
1516,55.729515765569225,28.28119061
1517,50.0407861236434,36.7891888
1518,71.697762806715,73.41583949
1519,76.11700955819893,100.9400823
1520,77.74293210786227,110.8687174
1521,82.29039045009489,124.9264055
1522,80.16125126639366,88.04288791
1523,79.37132538580737,113.8598046
1524,77.56715244982311,104.15469980000002
1525,80.0777092207109,143.3860736
1526,79.45995730636034,86.8777273
1527,81.35907430617571,83.76849384999998
1528,80.87783231201489,88.87379767
1529,77.80006442544487,111.8212534
1530,66.45109272598687,34.11494898
1531,46.27086946387805,36.59780186
1532,34.36183473630213,16.16219814
1533,30.05740045814483,12.63
1534,27.462208147873604,4.26
1535,22.811162558068002,0.0
1536,17.96997565642994,0.0
1537,18.195614043713373,0.0
1538,23.0672234242873,0.0
1539,33.278942031443194,7.715
1540,61.62652430945249,64.00408696
1541,58.76062792091041,94.79908423
1542,76.03798117513693,88.50854646
1543,78.49178976994175,92.73332818
1544,78.71874755231912,80.72108944
1545,81.28278729654295,59.206506600000004
1546,78.1468830861981,11.87573068
1547,76.82257272717142,52.67662745
1548,75.9960399077673,54.16380952
1549,78.16148046318436,73.07459331
1550,77.34542423013401,38.42432444
1551,76.05879466002644,81.27229064
1552,75.54590464458856,67.48058209
1553,73.34480877361415,64.22862648
1554,60.56757715227841,19.12577352
1555,46.22463279610338,22.45922804
1556,35.99614728553712,57.640992239999996
1557,28.252705875465043,23.27977972
1558,22.75734127829762,14.512
1559,18.958411022198774,3.628
1560,18.709044258135112,0.0
1561,18.670728326168323,0.0
1562,21.991253996910483,13.915968440000002
1563,30.612794857468845,57.24535232
1564,58.714303948249444,32.20079319
1565,53.19786613415583,23.07670959
1566,73.67244655085132,108.3915162
1567,75.44944147573615,167.1912536
1568,76.5664376517988,125.1430014
1569,80.94912548215235,116.9710038
1570,79.61028759004844,68.5738638
1571,79.76985473070512,69.34132719
1572,78.64254784757263,66.29317574
1573,79.1971521376758,87.99614381
1574,76.8537056496194,129.5501767
1575,77.62237279039616,85.79429687
1576,77.16366418738458,59.78832438999999
1577,74.47076243100926,39.49163848
1578,63.91715134130858,34.52384164
1579,46.4240677130805,16.03708487
1580,35.23583740499966,43.84452803
1581,27.17317877397226,0.0
1582,24.015653508539796,3.20625
1583,19.942424395477452,17.31375
1584,18.657842124953174,14.469902909999998
1585,17.966515108999957,13.13009709
1586,22.04012072438439,21.25411765
1587,29.900731839712694,35.39131222
1588,61.5082960324501,70.88161138
1589,54.59325140110426,20.32595876
1590,79.57658790394377,93.57560253000001
1591,81.66589859852338,135.8579721
1592,81.11212370483989,90.11425919
1593,83.56930226825517,51.11494872
1594,80.9423506229769,63.4862462
1595,79.37968919391314,117.4177023
1596,77.45723559799472,136.1433426
1597,78.84653571436932,96.46881116
1598,77.82962585993978,110.131088
1599,77.75166259649042,82.78560797
1600,77.00843609957609,30.31141924
1601,74.76559103198186,0.0
1602,63.730345076132075,32.69053659
1603,48.126237985177774,83.74969870999999
1604,36.36258990210426,9.962907563
1605,29.879051853826844,49.01685714
1606,24.500870057648594,3.6176271189999993
1607,20.163142061107845,5.6623728810000005
1608,18.323058442773856,0.621304348
1609,17.396991505142363,26.19005929
1610,21.214035342522457,28.89545455
1611,32.15161768733345,22.22845455
1612,58.945714279827165,102.4187604
1613,53.62648074286618,124.7509791
1614,73.66784558334429,109.5073638
1615,75.79983090633827,103.0207661
1616,75.5220966020996,120.26234719999998
1617,80.38524068263746,72.90451072
1618,79.10540343268258,70.55571925
1619,79.43607068947372,74.64551999
1620,78.17609530114788,75.38153797
1621,78.97950105617603,32.73052787
1622,77.49968323370479,102.97739700000001
1623,66.79178258372313,55.10559924
1624,64.8153876638157,34.27586079
1625,59.433229130067325,33.27469268
1626,45.813793462239936,42.78314516
1627,33.13566161732233,0.0
1628,27.72112824911862,4.931634615
1629,23.633576769461797,41.02576923
1630,20.70671974407366,15.686762820000002
1631,18.176085031963282,16.25
1632,17.97608263322533,8.395833333
1633,18.244777607800636,0.0
1634,20.666280120748073,9.94
1635,27.051840260396087,66.38910321
1636,47.951942510205406,68.53052982
1637,43.086209839789305,63.61290182
1638,64.30310878258179,19.2366133
1639,67.46491635268636,129.2322346
1640,63.384264141667934,41.6177916
1641,75.64310990497438,100.71585
1642,72.02040674445688,56.88374494
1643,71.59336798894391,70.23153846
1644,69.02670909813163,16.35860856
1645,72.77373005146966,66.86443722
1646,70.54089885433191,75.95216377000001
1647,73.37948627444516,77.22746581
1648,74.066986062446,84.4130725
1649,70.98971144848349,70.14476823
1650,56.1084189720309,38.88190349
1651,34.76726553246043,50.7565035
1652,24.673026562907065,64.43178189
1653,20.17209735981817,20.19898734
1654,18.60664653963771,0.0
1655,16.46865245784539,9.125408163
1656,16.88275372052252,14.79795918
1657,16.272535126546966,21.96903265
1658,21.398248652576402,27.895725
1659,27.990341596456222,11.651875000000002
1660,53.85622791636023,57.9685347
1661,51.58522265769591,16.7614653
1662,71.67092091942776,60.16942857
1663,72.78427211648815,28.80089401
1664,70.17602554309568,77.6184345
1665,78.20843303102654,93.53201215
1666,75.07097479370589,112.973739
1667,74.24032118366927,131.0467418
1668,72.49496118432855,34.39160714
1669,75.34131437407652,58.75513917
1670,74.67331849767095,91.56008468
1671,78.56068205570648,95.97579376000002
1672,77.92091184903572,69.1263918
1673,72.83918688995921,49.57973344
1674,54.14585751135476,36.85952816
1675,37.17740640576941,79.90382272
1676,30.171003758796463,39.54770175
1677,25.095178427410424,15.37894737
1678,20.921312971931407,11.97777778
1679,17.91007686526329,12.52222222
1680,16.983205631366925,0.0
1681,17.257726024479364,0.0
1682,20.592387447621576,28.81666667
1683,31.027778990808496,56.13089431
1684,58.49674017163597,16.21320826
1685,53.08171571344693,59.87417665
1686,74.47105053713399,64.69015152
1687,74.3329691289912,29.7349026
1688,72.56689168013587,60.21057643
1689,78.51773678214461,79.15127571999999
1690,76.59805948160995,64.71654408
1691,77.20254978373436,102.4976038
1692,75.76956230226449,54.00848161
1693,76.97411654877884,102.9234199
1694,75.75187433230386,66.32879546
1695,76.6319425079758,104.789303
1696,76.76578089864532,59.19187625
1697,75.24946090321977,64.53658557
1698,66.74721343927644,107.8884123
1699,48.70791552051683,90.0109097
1700,33.97637056763641,3.986216216
1701,26.70486445084756,28.82
1702,23.768635245917107,8.106491228
1703,19.379576341487155,3.163508772
1704,18.571584897307062,0.0
1705,18.977146650794783,40.2176
1706,22.690206003369312,58.51502712
1707,31.95122459922939,24.15372881
1708,58.38528675380902,10.33650121
1709,52.71413595073597,73.19243021
1710,74.60378015574774,79.05471263999999
1711,76.84038292397285,63.26003247
1712,78.33501638564609,97.92519481
1713,82.12118484999273,51.68758315
1714,80.4747019996101,60.16004672
1715,80.04696043976257,32.19444678
1716,78.14192416865731,118.7763403
1717,80.34754243274111,71.22998036
1718,80.7242193646026,113.7099779
1719,81.30981688933569,84.82073486000002
1720,80.98042428388426,67.50303648
1721,77.82422168747897,71.03890277
1722,64.80943347057129,78.15287171
1723,42.56155985616932,51.13785168999999
1724,32.42080047796085,46.183
1725,28.779178348586157,0.0
1726,25.952953300370382,8.17
1727,21.06710340153287,0.0
1728,17.148818635398598,0.0
1729,17.647001051431275,0.270983607
1730,21.954247638237916,20.06437878
1731,33.32446061652821,77.24707004
1732,60.6314013893945,105.1063911
1733,60.12759981261853,72.0205643
1734,75.41298295522499,95.31045836
1735,78.9911824499605,125.5425273
1736,77.82451852409233,114.4593793
1737,81.04346714226813,121.4936709
1738,77.88409537849081,62.75027476
1739,76.7017602255351,73.61465866
1740,74.6951971021731,51.57107143
1741,77.56108476022655,61.92980226
1742,76.44064877164442,85.98768809
1743,77.6845076779627,27.01910547
1744,77.16372530080497,96.18333364
1745,75.60420684764735,80.58942099
1746,66.1054395854655,53.97469766
1747,52.126604622771744,59.57254062
1748,39.272047063656494,30.7219827
1749,29.15879963773749,14.3
1750,23.784777919390553,19.69594595
1751,20.08398926858289,25.9350218
1752,19.589070963986064,3.679032258
1753,19.21462030672475,20.41021277
1754,23.012343572770753,31.40901216
1755,31.95562913074229,56.757734430000006
1756,61.73915634324424,82.02755139
1757,57.57642444338827,60.43391454
1758,75.54558161650932,62.19965163999999
1759,77.05373860506755,39.12869727
1760,77.36203834999338,54.05479471
1761,81.6429810658745,85.45834019
1762,80.16282275434673,87.63090171999998
1763,80.43610450938505,8.189189189
1764,79.3000584071358,83.48354839
1765,79.72773885356293,98.10908061
1766,78.56786724784745,105.22967120000001
1767,77.04601212263164,49.08038275
1768,76.34486658090499,59.00231026
1769,73.00126404609648,88.47462241
1770,61.79545053391855,65.20895583
1771,43.3054542354637,21.72447205
1772,33.03964370338994,37.25862319
1773,26.116265820648536,6.433079096
1774,22.46564910536469,6.275254237
1775,19.104755837828122,0.0
1776,18.814028383888605,0.0
1777,18.966689708040416,0.0
1778,22.72847173502649,21.091457489999996
1779,30.012348954201425,37.51780722
1780,57.92416417069176,44.1123632
1781,56.418639424454916,11.26837209
1782,78.54008683303267,38.984671199999994
1783,80.89926566159698,84.38656648
1784,80.87173843095243,93.87509122
1785,83.45208672793365,85.22235122
1786,80.59588991225743,81.61131988000001
1787,78.465441155262,10.11955453
1788,76.609985329076,78.82903226
1789,78.25838888695681,59.53378897
1790,77.20189499708725,43.57035152
1791,70.05125376486649,26.76727273
1792,66.30150889907648,33.19082793
1793,62.99987382310348,73.47338260000001
1794,48.779247977853124,14.75814241
1795,36.52186893663621,37.60764706
1796,30.454480541930305,26.36799885
1797,26.469828783867,27.12911979
1798,23.202814460548925,30.76691924
1799,19.7908369214269,46.57596211
1800,18.585256842498744,0.0
1801,17.86812905002719,0.0
1802,20.234548727597478,26.68009174
1803,25.509079980160184,28.47926606
1804,43.79474574013968,28.54281611
1805,44.691816542414934,40.22966819
1806,63.690979302907756,70.76492857
1807,67.81611771873092,95.80152201
1808,66.99650817680892,60.00185741
1809,76.35839883827863,102.0837879
1810,73.41366613742436,71.0421808
1811,73.16372534373339,51.18388121
1812,72.61241244784303,59.55566524
1813,74.43685321317754,102.9018945
1814,71.06502500863421,122.7000303
1815,71.47263842694954,53.61617925
1816,68.90882131018573,98.59044544
1817,63.25614858629416,56.81216172
1818,50.26466640877934,80.5352218
1819,36.22394974268926,49.62840182
1820,28.510296759816423,8.02
1821,23.65298682830433,0.0
1822,21.166454179499045,0.0
1823,18.218220552704885,0.0
1824,17.621979471022996,0.0
1825,17.628715042999616,12.23529412
1826,20.79038619921937,16.07278281
1827,26.82427570905907,112.2367193
1828,53.65166820255838,107.1694967
1829,49.12951518161446,72.9689412
1830,69.4669614481833,29.89676587
1831,70.26111725050994,49.41071429
1832,68.18260180511903,60.56336264
1833,78.39842592455233,70.21878022
1834,74.5515980252173,47.81077922
1835,74.83794059124332,30.98842815
1836,72.24575375168234,88.96864977
1837,75.32571299089801,86.01817303
1838,74.09020043170825,79.68408641
1839,77.36812350056721,94.45071048
1840,77.97910055574232,79.88664429
1841,75.65589134032598,69.37327805
1842,63.142180787742305,31.22222678
1843,38.205936540563016,28.99546346
1844,26.164975399327137,63.80393048
1845,20.32411917567797,5.764772727
1846,18.78212281319703,18.10236842
1847,16.70519522542538,69.87754105
1848,17.120293946428276,17.69009053
1849,17.110353193814053,15.69914634
1850,21.860997289200657,73.30876016
1851,30.713145276382946,19.7820935
1852,58.357148388960496,0.0
1853,57.22663741650148,1.6263999999999998
1854,73.37104389194172,36.1561
1855,75.34777493566135,73.91826331
1856,74.55963007475519,72.85648265
1857,80.35329582474706,106.6257881
1858,78.00926439395258,60.0709104
1859,77.257709010887,36.35710847
1860,75.75618719368616,104.3789471
1861,78.17838268916846,74.19769993
1862,77.6998646074596,122.98655970000002
1863,79.75013255689413,117.1170439
1864,79.00271542543828,99.57171235
1865,73.96536317481434,64.39836716
1866,58.58555979769445,70.9702954
1867,41.381241446086705,43.73541885
1868,31.262166419008413,19.66290271
1869,26.65122651133837,0.0
1870,22.81173003982883,0.0
1871,18.83710524795496,6.40097561
1872,18.054485695039343,0.88902439
1873,17.810588582101214,12.884125769999999
1874,22.369273241398552,77.17546529
1875,33.9975812897585,48.49909557
1876,65.11837927165561,89.79911908
1877,61.677060742876535,64.43173243
1878,74.66428244194081,89.77587212
1879,75.42132057186488,136.5108653
1880,73.80200700209305,93.4541596
1881,79.09146084234342,45.55956489
1882,77.30315993468514,52.15843137
1883,77.97622822498367,58.22021328
1884,76.48340197445647,104.7447025
1885,78.10590217257756,96.0824021
1886,76.98441852536006,125.43836720000002
1887,76.27633224517402,63.83718956
1888,76.31193517779961,112.7678109
1889,74.55059401902506,43.36088304
1890,64.19623887128462,33.01222366
1891,44.672068177138065,51.637776339999995
1892,30.620148111515903,36.14924731
1893,25.542557038804823,22.77075269
1894,21.63324066711382,8.92
1895,18.459487605943785,0.0
1896,17.389918718042484,0.0
1897,17.27729541473936,59.21934314
1898,21.120758802019314,31.49543643
1899,31.01726311725589,68.8118871
1900,56.67009059267855,21.7962249
1901,52.418360091747225,76.36917407
1902,73.25574032862977,116.6290604
1903,76.84536803297952,48.12633133
1904,77.3617938963118,76.17717917
1905,82.40796394045016,93.51101746
1906,80.06019586052284,89.25001271
1907,80.25355872265908,77.25151701
1908,79.12036749019123,80.23702685
1909,80.97268034047109,70.66860197
1910,80.66214559045646,105.0044992
1911,82.17286061218275,115.43890100000002
1912,81.81904883003837,122.1891914
1913,79.15839749865545,67.81522885
1914,69.12573466539641,33.22436709
1915,47.79041974009602,12.465
1916,37.52483183548229,0.0
1917,30.94923078462104,0.0
1918,28.449292470527233,0.0
1919,22.641402571937956,0.0
1920,17.787804189403904,1.181538462
1921,18.75193496614305,3.938461538
1922,24.216219023794263,3.1644444440000004
1923,36.0106268009269,24.53555556
1924,64.00125213826354,33.26024255
1925,62.832946880533264,105.9512675
1926,77.63225570352323,68.99840584
1927,80.16828804022795,86.88967866
1928,79.53125920698643,100.6668482
1929,81.53915809510855,24.35453289
1930,78.62608214601994,97.67029012
1931,78.02432448683614,54.31053755
1932,76.75886635165182,81.81412392
1933,78.83900130268324,95.11871761
1934,78.10427830169273,108.6004568
1935,76.94209311649078,105.0271841
1936,76.48506949778444,50.69107898
1937,74.6062508840295,78.8816353
1938,64.60126369972171,78.68903209
1939,50.188191693641066,21.67793674
1940,38.61859181606111,22.55803117
1941,29.531061124975295,13.65
1942,24.270681994478817,0.0
1943,19.38260800366328,11.82296296
1944,19.41642991660873,17.19703704
1945,19.137809467774296,15.82809917
1946,22.388388646249883,38.97424344
1947,33.743131198691096,97.26726232
1948,58.366359054463196,12.75910474
1949,57.01656876437527,37.32327401
1950,74.24373480472288,62.06273704
1951,75.89071529295731,104.6852793
1952,76.3810631867573,103.9872224
1953,80.96235217242399,88.89691366
1954,80.01291153411279,95.5754445
1955,79.92296130977697,128.8879877
1956,78.33999276416412,39.2567407
1957,79.28634280950097,37.99684497
1958,77.69770817676846,60.52773002
1959,67.53916042798015,88.55986355
1960,65.63388406843761,32.15791925
1961,60.375785778095235,11.44476364
1962,45.06743708515242,55.42831328999999
1963,33.0626136189706,15.52478022
1964,27.736631414300057,13.620604400000001
1965,23.13242053074016,16.68533156
1966,22.045363382805593,2.786206897
1967,18.942735429866932,0.0
1968,18.3649735186776,3.9577358490000005
1969,17.736683904552855,22.262264149999996
1970,19.955256031138674,17.94211538
1971,23.932283890007444,57.83645604000001
1972,39.69216254168734,51.33464789
1973,34.52629095059058,64.94720322
1974,66.4874552111231,112.6247626
1975,72.76585951597139,62.31173789
1976,72.2826793533351,60.87191026
1977,78.8632458696036,82.93354762
1978,74.97394414309264,33.06670996
1979,73.0219858608554,43.80059861
1980,69.50586887075465,82.93605133
1981,72.82278230182692,79.00027748
1982,71.26121218384166,80.37857627
1983,73.454620859579,53.07258489
1984,70.99710180710721,95.07577289
1985,67.85403423084297,32.38704762
1986,53.45369564242648,34.74844437
1987,38.37794899275912,57.35942797
1988,31.347111890738145,10.302127659999998
1989,26.13479846538394,0.0
1990,22.778938324541503,0.0
1991,18.773767735579895,0.0
1992,17.475843095809648,0.0
1993,17.532841182129598,0.0
1994,20.34128331632091,48.68360037
1995,26.29008548399067,67.99738067
1996,50.335697664257964,27.31549707
1997,47.48560346013282,80.97601996
1998,68.64673640681302,64.1344543
1999,71.17175523211334,94.36081041
2000,70.41992920390028,129.7737907
2001,78.03211208269245,68.27256419
2002,75.38492316477412,75.22942025
2003,76.39000320711253,112.07214390000001
2004,75.13574628883812,64.20360106
2005,76.68874306699053,90.05158022
2006,74.39843906321369,74.83335913
2007,74.92196281380063,86.96795214
2008,73.28325882878569,103.5298527
2009,69.40122523405765,112.9459563
2010,54.817192799660596,22.10201665
2011,39.711941463674414,6.91
2012,29.66468561867343,0.0
2013,23.95706974722276,0.0
2014,21.88927752448939,16.59583333
2015,18.281904010691843,17.54416667
2016,18.0491841058199,20.053721739999997
2017,17.97693058193334,18.630893649999997
2018,20.763579233886638,48.58818618
2019,30.287420459408516,29.73512947
2020,59.022787033436465,59.602068970000005
2021,50.95837793943912,40.39217391
2022,72.93637468936775,47.17242253
2023,74.04737738498719,68.99385426
2024,73.59717227789942,100.3981146
2025,80.24297737044176,105.7872561
2026,77.33671120248312,88.88661815
2027,76.89508816571683,91.51170557
2028,76.25174718919716,37.89785485
2029,78.15413812224809,38.31735711
2030,76.83937018729199,97.10965758999998
2031,78.19022123174823,85.37949822
2032,78.63235936734358,107.5833043
2033,76.60662409095416,81.77381675
2034,66.42610170228879,62.30460647
2035,43.16918876895554,44.91853372
2036,27.81119415242876,12.81322581
2037,23.153511208643607,0.0
2038,20.59696222366273,0.0
2039,18.08421519144035,0.0
2040,18.356926190784606,37.50591549
2041,18.375808055065132,21.11091378
2042,23.43110145981992,38.34817073
2043,33.24016556620127,28.83397436
2044,60.41137124974357,77.52356274999998
2045,58.32016603913166,72.77247479
2046,75.14248622605905,67.4599881
2047,76.84635457819451,31.27601215
2048,75.93535428131304,87.04724408
2049,80.96100767717526,106.1129402
2050,78.55213490733952,99.86804231
2051,77.91831889391315,38.398663
2052,76.3669809086001,78.45534130000001
2053,78.69959286026895,111.8925591
2054,79.04348680733175,97.85915798
2055,79.44568295745331,51.7911767
2056,78.57174358479834,100.8425533
2057,74.21368446286479,41.40230982
2058,54.72415198235041,61.27679731
2059,38.84009740829019,53.10846642
2060,30.8215757625224,19.28373626
2061,25.243009608728716,0.0
2062,20.93610896753396,0.0
2063,17.62041671355856,0.0
2064,17.021756195215595,11.4356962
2065,17.422421235894003,31.5843038
2066,21.074672735173472,30.96840038
2067,31.9802425608072,49.04383893999999
2068,60.9939698516329,37.20442735
2069,59.422634682117064,88.21562807
2070,74.45975328484917,175.1130217
2071,74.20728501470036,109.3765457
2072,73.38042916721699,106.3659442
2073,79.20515799574781,126.47888
2074,76.74995252276248,72.97481166
2075,77.70319092362693,69.14030181
2076,76.006987940507,89.19122236
2077,77.70720694839588,80.58311964
2078,76.56100728787207,91.11565534
2079,77.56453330323467,144.8919574
2080,77.63183664006907,109.0321894
2081,76.46783551323247,36.22405599
2082,68.93314008625944,44.90054545
2083,50.490681298384864,31.18231169
2084,35.78392220271976,29.89109635
2085,27.76151330689028,9.946046512
2086,23.898726074342996,0.0
2087,19.058599927073256,0.0
2088,17.412927920821968,0.0
2089,18.18600832360025,19.52485714
2090,22.497401892505266,5.785142857
2091,31.886808871508748,24.636499999999998
2092,61.041699432962986,71.92504376
2093,57.047369928255385,117.3176361
2094,75.54779916062087,53.27499022
2095,78.48407201799446,107.3067616
2096,79.32238226655797,113.4045946
2097,82.5150695749403,29.28967463
2098,80.98279024630249,102.6218311
2099,81.15163789637089,94.0049844
2100,80.03162097124292,81.94798352
2101,81.88249329089913,43.09021994
2102,81.59318235873953,66.25100126
2103,81.91178408024658,103.5976891
2104,81.58453917499766,99.576615
2105,78.7477153135873,110.05909620000001
2106,67.83243063673261,131.1088284
2107,48.222622579632535,28.29655007
2108,37.01616301129612,30.92628571
2109,30.91213057319572,16.75371429
2110,26.388351498744804,5.523063063
2111,21.440857802326086,23.670270269999996
2112,17.769528002771953,14.59666667
2113,17.74541548449208,7.644545455
2114,22.60224633044071,69.64304341
2115,37.03478950878428,79.19241113
2116,61.741784220321314,20.150282610000005
2117,60.451906908444066,48.83046873
2118,76.73548610310564,89.67454633
2119,79.72601894730317,42.10642646
2120,79.29401690900511,48.74821392
2121,81.20324381465188,127.2092866
2122,78.15456591619086,148.8725127
2123,76.92140185844207,88.43698972
2124,74.6695818485381,65.60948132
2125,77.94765333570373,111.3867915
2126,76.83733598344162,58.49283011
2127,68.37060851248192,59.45689841
2128,66.71030966384525,104.3915223
2129,61.43173837766986,70.01771656
2130,47.919168255895336,29.07984216
2131,36.53555179493868,27.4847619
2132,28.774989896666803,27.4493159
2133,24.31379532994677,29.97211268
2134,22.214787245123453,16.71
2135,19.22248865960087,0.0
2136,18.6233916168265,0.0
2137,18.91585425538086,0.0
2138,21.41207119869692,0.0
2139,25.702571617003695,20.29054054
2140,41.19931988929765,15.45945946
2141,41.03000079284333,48.80618452
2142,63.53165661593266,64.02572024
2143,65.31726853309347,47.03720415
2144,67.07827356805585,117.97050859999999
2145,76.74324750749606,43.97038247
2146,73.7223762153157,82.56738776
2147,74.33315246925238,89.49064503
2148,72.55638453707189,64.44751343
2149,73.99977876098652,68.3016958
2150,70.34175204347952,58.05968106
2151,71.50490631291919,28.47576923
2152,70.12678122198861,19.37836032
2153,66.1915658557822,28.1016351
2154,50.69096743800323,59.80777423
2155,35.721462104451824,26.62953804
2156,29.28736699589777,34.37083333
2157,24.017048204098145,2.419166667
2158,21.680597020055057,0.0
2159,18.318610258817817,0.0
2160,17.812512563532643,8.3605
2161,17.726841369935695,6.1795
2162,19.682380243821562,6.83
2163,25.392462478309685,22.186907990000005
2164,45.105209544202104,36.47842534
2165,39.44328686760901,80.9154359
2166,71.93610514626347,53.8840641
2167,76.7054183002703,78.82190044
2168,76.88193131935421,74.97781168
2169,81.44375131538013,69.05405844
2170,77.81207757779721,58.33339505
2171,75.59778993850566,99.91440116
2172,72.82018498146005,79.99445921
2173,75.45915850957927,98.97556253
2174,74.1082987346344,107.706434
2175,76.41249294581864,99.39445174
2176,75.23646120565245,46.97754468
2177,72.76723456793032,41.37891312
2178,58.45165592836021,62.49507525
2179,42.818567980404765,1.76115942
2180,33.410892453946886,8.0
2181,28.00852720426866,0.0
2182,23.725611397957586,0.0
2183,18.98514159575601,0.0
2184,18.172665954354283,13.14444444
2185,17.46626247585133,23.76161616
2186,20.474949279840033,60.47201299
2187,28.527434708993482,63.47825067
2188,53.857262479262666,56.50054443
2189,49.086486968410625,47.01313131
2190,72.84510179600477,53.911
2191,74.30607049352787,78.69800228
2192,73.83701626149193,52.23172943
2193,79.78204249283002,66.47646756
2194,78.24714401760376,73.85474518
2195,78.44874846100498,39.43928363
2196,77.14150620724634,59.77288482
2197,79.03968031428987,28.46396197
2198,76.79447801476604,79.26386871
2199,76.15539751669691,80.69992706
2200,75.03182728269726,109.1948585
2201,72.29162810417895,86.36142468
2202,58.58811346561818,73.20855846
2203,42.79926923529224,41.97995436
2204,31.80520499430144,46.90035461000001
2205,25.74662784524349,23.46568461
2206,22.669261561150382,31.857294120000002
2207,19.24825014892038,8.962608696
2208,19.015984229457104,0.407391304
2209,19.043718809206577,0.0
2210,23.656878443610328,3.41
2211,33.762257516653214,8.019043711
2212,63.501344359415725,60.81610554
2213,58.818711861753485,49.50012904
2214,74.3409749870632,60.63853123
2215,76.3676968086676,68.38235946
2216,74.74405291653622,58.34383102
2217,80.55138188123114,41.59900929
2218,77.85548556725637,59.85229506
2219,77.8431231953589,64.3917007
2220,76.29483215057708,94.27677162
2221,78.28870987396238,27.07948258
2222,76.94837906830305,53.32905695
2223,77.8087861835844,98.47395717
2224,78.24638446509312,78.73177769
2225,76.43190082203901,26.78594894
2226,65.24032237156928,31.56544118
2227,41.128559278966506,4.974558824
2228,27.226790522015566,12.65
2229,21.76927041042901,0.0
2230,19.212869843754806,50.238222220000004
2231,16.76593541743357,8.881777778
2232,16.674715998313435,6.495652174
2233,16.89770031705391,10.10434783
2234,22.279445243903528,26.16144578
2235,32.82658704153075,27.6415977
2236,59.813014115880435,89.63682319
2237,57.557889616030714,34.32613333
2238,74.15908398698434,68.75788235
2239,76.89330714603669,92.48129910000002
2240,76.14522649744511,117.3323553
2241,80.77640149513304,88.74330244
2242,78.58896010837304,66.06013733
2243,78.23333238459402,82.63541933
2244,76.53921598825622,122.9251595
2245,78.97308414703436,89.97844468
2246,78.91133340096745,57.76619732
2247,80.46687948179928,91.77402319
2248,79.51231404666335,37.20977949000001
2249,76.5772634576977,35.94964286
2250,62.00609976353853,83.45965714
2251,44.30570631759073,62.9267
2252,34.32915869998913,6.014
2253,27.50572745106277,13.2244898
2254,22.163122396044226,32.7855102
2255,18.83700921258005,0.0
2256,17.88414513141553,0.0
2257,17.6844362953577,0.0
2258,22.138284155897143,15.58375
2259,36.62139214175279,26.86625
2260,67.65401437112776,60.42775694000001
2261,62.51190935269897,98.88820900000002
2262,75.58345447617823,30.03442621
2263,76.23245280932895,60.59699915
2264,75.8850666668149,85.38001047
2265,79.68589362156821,107.2450768
2266,78.42119503889454,111.0007173
2267,78.7691748546353,96.58565683
2268,77.11607429387254,69.12553149
2269,78.6267543936443,78.38678648999999
2270,77.85435933422333,88.27882937000001
2271,76.93546667562202,5.085789474
2272,76.79180648524583,56.3385204
2273,75.854518687105,83.06089815000001
2274,67.97904609750944,74.71452882
2275,50.033727523587544,67.70878168
2276,34.92767080002541,20.23002849
2277,27.18110605764662,9.551452991
2278,22.719339643921444,23.93
2279,18.61913986886459,0.0
2280,18.342974869956823,0.0
2281,18.20548058717426,3.728125
2282,22.01659205753153,18.98282738
2283,31.06696142377163,39.70059801000001
2284,57.30309030541818,42.18844961
2285,54.073961937501956,51.05625932
2286,75.08767621845153,77.54410646
2287,77.7518110147971,67.18152076
2288,78.5698054163229,90.40916609
2289,82.73779307033301,133.6927043
2290,80.63948124197779,143.5284484
2291,80.13157633554658,30.11523364
2292,78.90614749072233,33.24062413
2293,81.00576016188315,50.77706469
2294,80.99204456424833,72.16244995
2295,73.20749564847061,137.6733319
2296,72.0191757455603,44.2090903
2297,67.65746291413588,75.45198118
2298,51.486559405709194,78.37103769
2299,35.91766892325869,24.086981130000005
2300,29.634692024991423,12.47
2301,26.052742785390127,0.0
2302,23.939925250179233,0.0
2303,20.789384375649288,0.0
2304,17.642714381514853,0.0
2305,18.0709481226588,0.0
2306,21.501126547948353,0.0
2307,27.912633699799226,22.86666667
2308,45.81675746312919,50.30549772
2309,48.92409551468274,100.4022259
2310,67.7401231804672,27.637317070000005
2311,71.0888417816118,34.59761701
2312,69.51682563398298,60.63400901
2313,76.10173120309967,30.03871212
2314,72.04731411040883,61.74535205
2315,69.94008408791996,81.07600249999999
2316,67.12071683852159,117.6906867
2317,72.11278404463133,101.9923649
2318,70.17771489264523,36.51419504
2319,72.33803938172619,104.3326159
2320,71.14254738240787,61.753913299999994
2321,67.76253434477564,58.4428241
2322,53.71312647725624,6.379999999999999
2323,40.280043089196695,0.0
2324,32.034430521099964,31.72693548
2325,25.763781072775647,13.783064520000002
2326,21.79349096850565,0.0
2327,18.44838897227525,0.0
2328,18.682248205913165,15.72
2329,18.581389236036472,0.0
2330,21.011972548468265,0.0
2331,28.539432582990713,52.60909091
2332,49.61475137432267,22.77435171
2333,45.26456715313171,33.28515139
2334,66.89787984677672,61.996762409999995
2335,70.31751620704777,76.56695304
2336,72.17055368788378,133.6979448
2337,78.50093059153542,115.3818646
2338,77.07251788610671,101.0095831
2339,77.25849475486353,109.8328085
2340,76.1439518461054,81.79104507
2341,77.12916129632613,52.30520926
2342,74.10403825618387,52.47426808
2343,75.10214263810838,83.48627516
2344,74.45889769696362,67.33202572
2345,70.9836088369324,53.72541622
2346,54.96236772981377,69.075
2347,38.85993307845335,29.11625
2348,31.223813382464954,11.63555556
2349,24.603525325560526,11.79527778
2350,22.300802201710137,7.579166667
2351,18.70894167489373,0.0
2352,18.004033292568348,0.0
2353,17.718407717920904,0.0
2354,19.960701673420484,26.64226415
2355,25.53830965608723,81.03304955000002
2356,49.50985891869978,58.37163074
2357,42.63064421268386,75.15508945
2358,76.12258834043232,67.94677913
2359,80.16549428386695,98.76474334
2360,80.10822227846629,126.0209347
2361,82.8877828649646,116.8345516
2362,79.5814944385528,56.50069164
2363,77.7867329693097,46.69564306000001
2364,75.34674473800322,102.9907732
2365,77.49673232854846,96.78310478
2366,76.66027294357413,54.95445362
2367,77.15754411485625,115.4245097
2368,76.81522165574653,105.1677654
2369,74.86202800936839,70.20512709
2370,63.26646365860832,4.245780781
2371,48.076552774394976,18.737837840000005
2372,36.023827299732666,3.43527027
2373,29.05922841493345,5.12
2374,25.110611748682835,23.3
2375,20.05340854954064,0.0
2376,19.105212005858945,2.792380952
2377,18.207900023835336,25.03751152
2378,21.089307216736408,87.40677419
2379,29.596653286038578,25.98206398
2380,58.40402238240503,53.80937325
2381,56.15121582728608,54.6418961
2382,74.29714793414989,52.42993056
2383,75.94912226187962,43.46121509999999
2384,76.20726534963674,95.71458937
2385,80.145160975852,86.11719000000001
2386,78.393362241148,130.0453637
2387,78.82686592349012,95.72151128999998
2388,78.38072049361443,77.97880114
2389,79.47090533910004,87.33245456999998
2390,77.61305735902992,86.68754073
2391,75.59380010520259,43.94074417
2392,73.76491988640068,96.96457827
2393,70.60433894994836,87.32608107
2394,56.3779422517148,13.31470202
2395,40.30255028888007,75.91019594
2396,29.488737898728186,42.05906085
2397,25.26826036446348,7.40604119
2398,21.867444755052546,0.0
2399,18.62408787329459,0.0
2400,18.239615706399245,0.0
2401,18.501876310855607,1.978985507
2402,21.71432071500344,34.46782609
2403,30.619877466368433,55.79741483
2404,57.756337987792854,87.31846652
2405,53.63701407739604,72.75911319
2406,73.6941505455809,79.50734976
2407,75.16491485134476,126.7403523
2408,74.37833274790306,110.6984648
2409,80.85933240661183,100.3562582
2410,77.87523393253323,88.91361201
2411,77.70933718762114,60.94576393
2412,76.941289911537,37.47839293
2413,77.95152967265463,84.81728571
2414,76.94437177402273,101.1557486
2415,79.20524530063409,72.04663614
2416,79.90534318372536,123.5731215
2417,78.36736284601336,105.7837196
2418,70.18548066227997,68.05338856
2419,47.54439457055478,75.89917062
2420,29.41884597201554,60.94085234
2421,22.956974813891033,5.438076923
2422,20.396828867595353,0.0
2423,17.74380470934019,0.0
2424,17.894837797362854,0.0
2425,17.674950619463214,22.25
2426,23.91050350350237,0.0
2427,35.438731778095686,16.23
2428,63.51478058141445,24.08655123
2429,62.26693184179311,57.10344877
2430,76.2279740686627,87.25303285
2431,77.32037645825986,129.0837467
2432,76.96006046208751,82.44676087
2433,81.39434548023344,76.83497848
2434,79.11978254745314,79.63833829
2435,78.51351995613722,93.97045093
2436,77.276444639483,126.9410059
2437,79.1844405462332,55.91385996
2438,79.35755740524078,93.70829618
2439,79.997903824161,60.93333943
2440,79.52697253707001,64.63910294
2441,76.06525522161127,120.06753510000001
2442,60.77761524769442,95.79492875
2443,42.036207068214765,7.83285895
2444,34.003731918997026,65.94574619
2445,26.7480498128467,59.07222222
2446,22.34120035521474,8.973796296
2447,18.064215824615417,0.0
2448,17.239442198669863,0.0
2449,16.897748334741365,0.0
2450,21.87440950235565,35.0940714
2451,35.6154936161055,69.34203249
2452,65.67709125665831,41.78517178
2453,60.397136188035375,22.260599319999997
2454,74.60501115464432,2.425208333
2455,75.7941910106845,90.50863095000001
2456,74.40657587861512,57.14339683
2457,79.42759338501578,75.53606745999998
2458,77.61547570437992,101.1896064
2459,77.50448500245027,116.600527
2460,76.19510377897772,89.82715719
2461,78.40424042997867,119.2884938
2462,76.45948916610396,112.21225
2463,66.48299829667845,41.1412101
2464,67.12942113568386,54.38557692
2465,64.64774482117798,45.55333333
2466,50.213235100270914,67.14015976
2467,35.28258044111477,87.71992177000001
2468,27.857101244257727,40.10658514
2469,23.13798839986276,6.207272727
2470,21.31395796749378,10.86272727
2471,18.678432982382663,9.556428571
2472,18.24925307453364,6.183571429
2473,17.83314379947204,0.0
2474,20.873823479038588,1.212
2475,26.783080898467148,46.458
2476,43.33089051408181,41.81
2477,40.13478085415724,46.43452048
2478,63.015222022111764,70.44561286
2479,67.48873312566396,9.057113043
2480,68.32273924333377,59.62506808999999
2481,78.70798285984061,55.53011797
2482,75.23265471261058,30.71585586
2483,74.32568790147532,49.44113524
2484,70.39754859630202,52.910576469999995
2485,73.50389573739628,66.17794872
2486,72.3821152535654,72.88412407
2487,77.57394476997581,109.4641866
2488,76.80992224914924,88.54190769
2489,72.55503567657884,82.09735262
2490,57.26421343955703,68.85001736
2491,39.37673435279663,100.10164120000002
2492,31.487561443921336,13.95712556
2493,26.507657991092774,7.835696203000001
2494,24.07842353915403,0.0
2495,20.512592964182453,0.0
2496,17.10331205473545,0.0
2497,17.981617763015578,0.0
2498,21.70843418304591,0.0
2499,30.536104062737028,61.29034048
2500,55.26854596600296,54.18353498
2501,52.721216377013405,44.93309933
2502,71.66732832335727,47.78731519000001
2503,74.84057719880903,80.85721002
2504,73.83774962253669,59.7423853
2505,78.53703116201282,61.73410344999999
2506,74.34614343633106,75.78881585
2507,73.06359100441283,84.62559066
2508,70.94315611787388,100.51523960000002
2509,73.94123210424614,122.2841888
2510,73.51923520591593,46.07961147
2511,75.393941759527,101.6038113
2512,74.8676417135563,69.72043449
2513,72.35471461500596,82.46947422
2514,58.813848979587604,63.87890729
2515,44.18185997115612,13.73982639
2516,34.60806070708182,18.01611111
2517,26.373348154037327,0.0
2518,22.622228236288386,0.0
2519,19.220061583762245,0.0
2520,18.902267432453307,0.0
2521,18.609359538978904,7.794303797
2522,21.79501007352695,43.25721519
2523,29.5784851392034,27.74014768
2524,53.515992044032636,53.41438095
2525,49.455114389756964,58.22989441
2526,71.7179215049574,102.6374681
2527,73.62364311941997,91.3086043
2528,75.55934086658729,99.36995298000001
2529,80.40106032803166,87.4521653
2530,79.12918528370565,90.21113044
2531,79.19562430216587,83.7406919
2532,77.68961501381015,63.11726427
2533,78.74677242081547,79.72312341
2534,76.71278683267245,45.3114114
2535,76.546217840136,68.00713475
2536,75.72506300172681,91.93490196
2537,72.63775269108623,105.3459405
2538,60.56068006626217,114.2431907
2539,43.09731938656862,120.2609961
2540,32.68866496480541,45.67402137
2541,27.04938262784726,36.22606061
2542,23.303540290474036,0.7328571429999999
2543,19.66294835875746,21.985714290000004
2544,18.99440246156832,7.194761905
2545,18.8368084113416,24.75153153
2546,22.135230667499446,18.90513514
2547,29.331811730881522,67.21442623
2548,55.876672516640994,35.87131148
2549,49.77703806218702,35.69663072
2550,77.97663855794919,70.13234882
2551,80.52277206999669,47.1703771
2552,80.85196387420967,45.92319834
2553,83.0652824292635,29.13777875
2554,79.78776096288145,83.54752886
2555,77.74215509437437,101.85973300000002
2556,75.38508904405806,87.09935374
2557,76.9236717854854,114.7519359
2558,76.84720143559143,94.13040196
2559,76.66861056021402,85.2985915
2560,76.2078764838407,50.803378460000005
2561,73.5709284290832,95.10465066
2562,60.53461082721852,44.8768284
2563,43.63284755901928,50.06059466000001
2564,33.97963577038334,36.93420915
